Category,CategoryID,GO,Description,PARENT_GO,LogP,Enrichment,Z-score,#TotalGeneInLibrary,#GeneInGO,#GeneInHitList,#GeneInGOAndHitList,%InGO,STDV %InGO,GeneID,Hits,Log(q-value),GeneList
Cell Type Signatures,7,M39036,FAN EMBRYONIC CTX NSC 2,,-59,66,49,30284,233,73,37,51,5.9,332|890|991|1063|1894|3148|3838|3930|4001|4288|4751|5347|6241|8836|9232|9585|9787|9837|9928|10024|10051|10460|11004|11065|22974|26147|51203|54492|55165|79801|81611|83461|89958|146909|157313|259266|283431,BIRC5|CCNA2|CDC20|CENPF|ECT2|HMGB2|KPNA2|LBR|LMNB1|MKI67|NEK2|PLK1|RRM2|GGH|PTTG1|KIF20B|DLGAP5|GINS1|KIF14|TROAP|SMC4|TACC3|KIF2C|UBE2C|TPX2|PHF19|NUSAP1|NEURL1B|CEP55|SHCBP1|ANP32E|CDCA3|SAPCD2|KIF18B|CDCA2|ASPM|GAS2L3,-54,MyList
Cell Type Signatures,7,M39096,ZHONG PFC C1 OPC,,-58,64,48,30284,238,73,37,51,5.9,332|890|991|1063|1894|3148|3838|4288|4751|5347|6241|9232|9585|9787|9928|10024|10051|10460|11004|11065|22974|26147|29028|29128|51053|51203|51435|54443|55165|79801|81611|83461|128239|146909|157313|259266|283431,BIRC5|CCNA2|CDC20|CENPF|ECT2|HMGB2|KPNA2|MKI67|NEK2|PLK1|RRM2|PTTG1|KIF20B|DLGAP5|KIF14|TROAP|SMC4|TACC3|KIF2C|UBE2C|TPX2|PHF19|ATAD2|UHRF1|GMNN|NUSAP1|SCARA3|ANLN|CEP55|SHCBP1|ANP32E|CDCA3|IQGAP3|KIF18B|CDCA2|ASPM|GAS2L3,-54,MyList
Cell Type Signatures,7,M39041,FAN EMBRYONIC CTX MICROGLIA 1,,-54,86,52,30284,155,73,32,44,5.8,332|890|991|1063|3148|3838|4288|5347|6241|8836|9232|9585|9787|9928|10024|10051|10460|11004|11065|22974|26147|29028|51203|54443|55165|79801|81611|83461|128239|146909|157313|259266,BIRC5|CCNA2|CDC20|CENPF|HMGB2|KPNA2|MKI67|PLK1|RRM2|GGH|PTTG1|KIF20B|DLGAP5|KIF14|TROAP|SMC4|TACC3|KIF2C|UBE2C|TPX2|PHF19|ATAD2|NUSAP1|ANLN|CEP55|SHCBP1|ANP32E|CDCA3|IQGAP3|KIF18B|CDCA2|ASPM,-50,MyList
Cell Type Signatures,7,M39059,MANNO MIDBRAIN NEUROTYPES HPROGBP,,-44,44,37,30284,300,73,32,44,5.8,332|890|1063|1894|3148|3485|3930|4001|4288|4751|5347|6241|7298|9232|9787|9837|9928|10024|10051|10460|11004|11065|22974|29028|29128|51053|51203|54443|81611|83461|89958|259266,BIRC5|CCNA2|CENPF|ECT2|HMGB2|IGFBP2|LBR|LMNB1|MKI67|NEK2|PLK1|RRM2|TYMS|PTTG1|DLGAP5|GINS1|KIF14|TROAP|SMC4|TACC3|KIF2C|UBE2C|TPX2|ATAD2|UHRF1|GMNN|NUSAP1|ANLN|ANP32E|CDCA3|SAPCD2|ASPM,-40,MyList
Cell Type Signatures,7,M39061,MANNO MIDBRAIN NEUROTYPES HPROGFPM,,-40,36,33,30284,356,73,31,42,5.8,332|890|1063|1894|3148|3485|3838|4001|4288|4751|5347|6241|7298|9232|9787|9837|9928|10024|10051|10460|11004|11065|22974|29028|29128|51053|51203|54443|81611|83461|259266,BIRC5|CCNA2|CENPF|ECT2|HMGB2|IGFBP2|KPNA2|LMNB1|MKI67|NEK2|PLK1|RRM2|TYMS|PTTG1|DLGAP5|GINS1|KIF14|TROAP|SMC4|TACC3|KIF2C|UBE2C|TPX2|ATAD2|UHRF1|GMNN|NUSAP1|ANLN|ANP32E|CDCA3|ASPM,-36,MyList
Transcription Factor Targets,16,M30019,HSD17B8 TARGET GENES,,-38,22,27,30284,658,73,35,48,5.8,332|890|991|1063|1894|3148|3838|4288|4751|5347|6241|8340|8969|9232|9585|9787|9837|9928|10024|10051|10460|11004|11065|23306|29028|29128|54443|55165|79801|81611|83461|128239|146909|157313|259266,BIRC5|CCNA2|CDC20|CENPF|ECT2|HMGB2|KPNA2|MKI67|NEK2|PLK1|RRM2|H2BC13|H2AC11|PTTG1|KIF20B|DLGAP5|GINS1|KIF14|TROAP|SMC4|TACC3|KIF2C|UBE2C|NEMP1|ATAD2|UHRF1|ANLN|CEP55|SHCBP1|ANP32E|CDCA3|IQGAP3|KIF18B|CDCA2|ASPM,-34,MyList
Cell Type Signatures,7,M39060,MANNO MIDBRAIN NEUROTYPES HPROGFPL,,-38,37,32,30284,323,73,29,40,5.7,332|890|1063|1894|3148|3485|4001|4288|4751|5347|6241|7298|9232|9787|9837|9928|10024|10051|10460|11004|11065|22974|29028|29128|51053|51203|54443|83461|259266,BIRC5|CCNA2|CENPF|ECT2|HMGB2|IGFBP2|LMNB1|MKI67|NEK2|PLK1|RRM2|TYMS|PTTG1|DLGAP5|GINS1|KIF14|TROAP|SMC4|TACC3|KIF2C|UBE2C|TPX2|ATAD2|UHRF1|GMNN|NUSAP1|ANLN|CDCA3|ASPM,-34,MyList
Cell Type Signatures,7,M39078,ZHONG PFC MAJOR TYPES NPCS,,-34,64,37,30284,142,73,22,30,5.4,332|890|991|1063|3148|3838|4288|6241|9232|9787|10051|10460|11004|11065|22974|29028|29128|51053|51203|81611|83461|259266,BIRC5|CCNA2|CDC20|CENPF|HMGB2|KPNA2|MKI67|RRM2|PTTG1|DLGAP5|SMC4|TACC3|KIF2C|UBE2C|TPX2|ATAD2|UHRF1|GMNN|NUSAP1|ANP32E|CDCA3|ASPM,-30,MyList
Cell Type Signatures,7,M39087,ZHONG PFC C2 UNKNOWN NPC,,-33,1e+02,44,30284,76,73,19,26,5.1,890|991|1063|3838|4288|4751|5347|9232|9787|10024|10460|11004|11065|22974|26147|51203|83461|157313|259266,CCNA2|CDC20|CENPF|KPNA2|MKI67|NEK2|PLK1|PTTG1|DLGAP5|TROAP|TACC3|KIF2C|UBE2C|TPX2|PHF19|NUSAP1|CDCA3|CDCA2|ASPM,-30,MyList
Cell Type Signatures,7,M39103,ZHONG PFC C1 MICROGLIA,,-33,40,31,30284,257,73,25,34,5.6,332|890|1063|1154|3148|3838|5347|6241|9585|9837|10024|10460|11004|11065|22974|26147|29028|29128|51053|51203|54443|79801|83461|128239|259266,BIRC5|CCNA2|CENPF|CISH|HMGB2|KPNA2|PLK1|RRM2|KIF20B|GINS1|TROAP|TACC3|KIF2C|UBE2C|TPX2|PHF19|ATAD2|UHRF1|GMNN|NUSAP1|ANLN|SHCBP1|CDCA3|IQGAP3|ASPM,-30,MyList
Cell Type Signatures,7,M41687,TRAVAGLINI LUNG PROLIFERATING NK T CELL,,-31,64,35,30284,129,73,20,27,5.2,332|890|991|1063|3148|4288|6241|7298|8836|9928|10024|10051|10460|11004|11065|22974|29028|51053|83461|259266,BIRC5|CCNA2|CDC20|CENPF|HMGB2|MKI67|RRM2|TYMS|GGH|KIF14|TROAP|SMC4|TACC3|KIF2C|UBE2C|TPX2|ATAD2|GMNN|CDCA3|ASPM,-27,MyList
COVID,200,COVID054,RNA_Xiong_PBMC_Up,,-28,32,26,30284,300,73,23,32,5.4,332|890|991|1063|3485|4288|5347|6241|7298|9787|9928|10024|11004|11065|22974|54443|55165|79801|83461|146909|157313|259266|283431,BIRC5|CCNA2|CDC20|CENPF|IGFBP2|MKI67|PLK1|RRM2|TYMS|DLGAP5|KIF14|TROAP|KIF2C|UBE2C|TPX2|ANLN|CEP55|SHCBP1|CDCA3|KIF18B|CDCA2|ASPM|GAS2L3,-24,MyList
Cell Type Signatures,7,M39153,GAO LARGE INTESTINE 24W C2 MKI67POS PROGENITOR,,-28,66,34,30284,113,73,18,25,5,332|890|991|1063|4288|6241|9232|9585|9787|10024|10460|11065|22974|26147|51203|54443|128239|259266,BIRC5|CCNA2|CDC20|CENPF|MKI67|RRM2|PTTG1|KIF20B|DLGAP5|TROAP|TACC3|UBE2C|TPX2|PHF19|NUSAP1|ANLN|IQGAP3|ASPM,-24,MyList
Cell Type Signatures,7,M39208,HAY BONE MARROW PRO B,,-26,30,25,30284,304,73,22,30,5.4,332|1063|3009|3148|3838|4001|4288|7298|8836|9928|10051|10460|11065|22974|26147|29028|51203|55165|79801|81611|259266|440689,BIRC5|CENPF|H1-5|HMGB2|KPNA2|LMNB1|MKI67|TYMS|GGH|KIF14|SMC4|TACC3|UBE2C|TPX2|PHF19|ATAD2|NUSAP1|CEP55|SHCBP1|ANP32E|ASPM|H2BC18,-23,MyList
Cell Type Signatures,7,M39081,ZHONG PFC C8 ORG PROLIFERATING,,-24,94,36,30284,62,73,14,19,4.6,332|991|1063|4751|5347|9232|10024|10460|22974|51203|79801|83461|259266|283431,BIRC5|CDC20|CENPF|NEK2|PLK1|PTTG1|TROAP|TACC3|TPX2|NUSAP1|SHCBP1|CDCA3|ASPM|GAS2L3,-20,MyList
COVID,200,COVID015,RNA_Blanco-Melo_Calu-3_Down,,-21,26,22,30284,300,73,19,26,5.1,332|991|1462|3838|4001|4288|5347|6241|7298|9787|10460|11004|22974|25840|51435|83461|89958|146909|157313,BIRC5|CDC20|VCAN|KPNA2|LMNB1|MKI67|PLK1|RRM2|TYMS|DLGAP5|TACC3|KIF2C|TPX2|TMT1A|SCARA3|CDCA3|SAPCD2|KIF18B|CDCA2,-18,MyList
Cell Type Signatures,7,M39062,MANNO MIDBRAIN NEUROTYPES HNPROG,,-20,31,22,30284,229,73,17,23,4.9,332|890|1063|3148|4288|4751|5347|9787|9928|10460|11004|11065|22974|51203|83461|259266|285513,BIRC5|CCNA2|CENPF|HMGB2|MKI67|NEK2|PLK1|DLGAP5|KIF14|TACC3|KIF2C|UBE2C|TPX2|NUSAP1|CDCA3|ASPM|GPRIN3,-17,MyList
Cell Type Signatures,7,M39165,GAO LARGE INTESTINE ADULT CH MKI67HIGH CELLS,,-20,54,27,30284,107,73,14,19,4.6,332|890|1063|3009|4288|10024|10460|11004|22974|54443|55165|83461|128239|157313,BIRC5|CCNA2|CENPF|H1-5|MKI67|TROAP|TACC3|KIF2C|TPX2|ANLN|CEP55|CDCA3|IQGAP3|CDCA2,-17,MyList
Cell Type Signatures,7,M39083,ZHONG PFC C3 UNKNOWN INP,,-16,98,29,30284,38,73,9,12,3.8,332|890|1063|1894|3838|9787|11065|22974|157313,BIRC5|CCNA2|CENPF|ECT2|KPNA2|DLGAP5|UBE2C|TPX2|CDCA2,-12,MyList
COVID,200,COVID007,RNA_Blanco-Melo_A549_Down,,-15,21,17,30284,300,73,15,21,4.7,332|3838|4001|4288|5347|6241|9837|10024|10460|26147|29128|51435|83461|89958|146909,BIRC5|KPNA2|LMNB1|MKI67|PLK1|RRM2|GINS1|TROAP|TACC3|PHF19|UHRF1|SCARA3|CDCA3|SAPCD2|KIF18B,-12,MyList
Cell Type Signatures,7,M39270,HU FETAL RETINA RPC,,-13,39,19,30284,107,73,10,14,4,1063|3148|7298|9232|11065|29028|29128|51053|51203|81611,CENPF|HMGB2|TYMS|PTTG1|UBE2C|ATAD2|UHRF1|GMNN|NUSAP1|ANP32E,-9.8,MyList
Cell Type Signatures,7,M39058,MANNO MIDBRAIN NEUROTYPES HPROGM,,-12,18,14,30284,307,73,13,18,4.5,332|1063|3148|3485|4254|5347|7298|10024|10460|29128|51203|79642|83461,BIRC5|CENPF|HMGB2|IGFBP2|KITLG|PLK1|TYMS|TROAP|TACC3|UHRF1|NUSAP1|ARSJ|CDCA3,-9.2,MyList
COVID,200,COVID071,Proteome_Bouhaddou_Vero_E6_24h_Down,,-12,39,18,30284,95,73,9,12,3.8,1063|3838|4288|6241|7018|11004|11065|29128|54443,CENPF|KPNA2|MKI67|RRM2|TF|KIF2C|UBE2C|UHRF1|ANLN,-8.6,MyList
Cell Type Signatures,7,M40002,BUSSLINGER ESOPHAGEAL PROLIFERATING BASAL CELLS,,-11,47,19,30284,70,73,8,11,3.7,857|1063|3148|4288|6241|10051|51203|259266,CAV1|CENPF|HMGB2|MKI67|RRM2|SMC4|NUSAP1|ASPM,-8.1,MyList
COVID,200,COVID134,Proteome_Stukalov_A549-ACE2_24h_Down,,-11,17,13,30284,299,73,12,16,4.3,890|1063|4288|5347|7298|9787|11065|22974|29028|29128|55165|128239,CCNA2|CENPF|MKI67|PLK1|TYMS|DLGAP5|UBE2C|TPX2|ATAD2|UHRF1|CEP55|IQGAP3,-8,MyList
TRRUST,34,TRR01419,Regulated by: TP53,,-11,24,15,30284,176,73,10,14,4,332|857|890|1462|4288|5347|7298|9232|22943|29128,BIRC5|CAV1|CCNA2|VCAN|MKI67|PLK1|TYMS|PTTG1|DKK1|UHRF1,-7.7,MyList
TRRUST,34,TRR00230,Regulated by: E2F1,,-10,26,15,30284,144,73,9,12,3.8,332|1894|5347|6241|7298|11004|29028|29128|283120,BIRC5|ECT2|PLK1|RRM2|TYMS|KIF2C|ATAD2|UHRF1|H19,-7.1,MyList
DisGeNET,35,C0007138,"Carcinoma, Transitional Cell",,-9.6,9.3,10,30284,622,73,14,19,4.6,857|890|991|1154|3838|4288|5347|6241|7042|8836|9585|9787|10460|55165,CAV1|CCNA2|CDC20|CISH|KPNA2|MKI67|PLK1|RRM2|TGFB2|GGH|KIF20B|DLGAP5|TACC3|CEP55,-6.5,MyList
Cell Type Signatures,7,M40003,BUSSLINGER ESOPHAGEAL EARLY SUPRABASAL CELLS,,-9.1,37,16,30284,79,73,7,9.6,3.4,1063|3148|4288|6241|9232|10051|259266,CENPF|HMGB2|MKI67|RRM2|PTTG1|SMC4|ASPM,-6,MyList
COVID,200,COVID055,Phosphoproteome_Bouhaddou_Vero_E6_0h_Down,,-8.9,15,11,30284,277,73,10,14,4,991|1894|3009|4001|4288|5347|11004|22974|54443|157313,CDC20|ECT2|H1-5|LMNB1|MKI67|PLK1|KIF2C|TPX2|ANLN|CDCA2,-5.8,MyList
Cell Type Signatures,7,M39263,HU FETAL RETINA BLOOD,,-8.8,15,11,30284,282,73,10,14,4,332|1063|4288|6241|7298|9232|10024|11065|25840|54443,BIRC5|CENPF|MKI67|RRM2|TYMS|PTTG1|TROAP|UBE2C|TMT1A|ANLN,-5.8,MyList
COVID,200,COVID059,Phosphoproteome_Bouhaddou_Vero_E6_24h_Down,,-8.6,14,11,30284,300,73,10,14,4,991|1063|1894|4001|4288|5347|22974|29028|29128|54443,CDC20|CENPF|ECT2|LMNB1|MKI67|PLK1|TPX2|ATAD2|UHRF1|ANLN,-5.5,MyList
Cell Type Signatures,7,M39054,MANNO MIDBRAIN NEUROTYPES HRGL2B,,-8.1,10,9.7,30284,440,73,11,15,4.2,332|3485|4288|7018|9837|9928|10460|11004|22974|25840|51203,BIRC5|IGFBP2|MKI67|TF|GINS1|KIF14|TACC3|KIF2C|TPX2|TMT1A|NUSAP1,-5.1,MyList
Cell Type Signatures,7,M40010,BUSSLINGER GASTRIC ISTHMUS CELLS,,-7.9,10,9.5,30284,458,73,11,15,4.2,1063|3148|4288|9232|10051|10460|11065|22974|51203|259266|340547,CENPF|HMGB2|MKI67|PTTG1|SMC4|TACC3|UBE2C|TPX2|NUSAP1|ASPM|VSIG1,-4.9,MyList
DisGeNET,35,C0555198,Malignant Glioma,,-7.8,7.4,8.6,30284,724,73,13,18,4.5,332|857|1356|1462|1894|3485|4288|4751|5347|7042|22943|27122|259266,BIRC5|CAV1|CP|VCAN|ECT2|IGFBP2|MKI67|NEK2|PLK1|TGFB2|DKK1|DKK3|ASPM,-4.8,MyList
DisGeNET,35,C4086152,Childhood Astrocytoma,,-7.6,8.1,8.7,30284,615,73,12,16,4.3,857|991|1462|1894|3485|4288|9232|9928|22974|29128|51203|259266,CAV1|CDC20|VCAN|ECT2|IGFBP2|MKI67|PTTG1|KIF14|TPX2|UHRF1|NUSAP1|ASPM,-4.6,MyList
DisGeNET,35,C0025286,Meningioma,,-7.4,7.9,8.6,30284,634,73,12,16,4.3,332|857|1063|1462|3485|4288|7298|9232|9928|11065|27122|283120,BIRC5|CAV1|CENPF|VCAN|IGFBP2|MKI67|TYMS|PTTG1|KIF14|UBE2C|DKK3|H19,-4.5,MyList
COVID,200,COVID315,RNA_Wilk_CD8+T-cells_patient-C6_Up,,-7.3,51,16,30284,41,73,5,6.8,3,1063|3148|4288|10051|22974,CENPF|HMGB2|MKI67|SMC4|TPX2,-4.4,MyList
DisGeNET,35,C1328504,Hormone refractory prostate cancer,,-7.1,7.3,8.2,30284,683,73,12,16,4.3,857|890|991|3485|3838|5347|9232|9787|11065|29028|54443|55165,CAV1|CCNA2|CDC20|IGFBP2|KPNA2|PLK1|PTTG1|DLGAP5|UBE2C|ATAD2|ANLN|CEP55,-4.2,MyList
PaGenBase,36,PGB:00036,Tissue-specific: retinoblastoma,,-6.9,26,12,30284,97,73,6,8.2,3.2,332|1063|4288|6241|7298|22943,BIRC5|CENPF|MKI67|RRM2|TYMS|DKK1,-4,MyList
COVID,200,COVID069,Proteome_Bouhaddou_Vero_E6_12h_Down,,-6.8,40,14,30284,52,73,5,6.8,3,1063|6241|7018|29128|54443,CENPF|RRM2|TF|UHRF1|ANLN,-3.9,MyList
DisGeNET,35,C1704272,Benign Prostatic Hyperplasia,,-6.5,6.5,7.6,30284,770,73,12,16,4.3,857|1154|1462|3485|4254|4288|5347|7042|22943|27122|55165|283120,CAV1|CISH|VCAN|IGFBP2|KITLG|MKI67|PLK1|TGFB2|DKK1|DKK3|CEP55|H19,-3.6,MyList
DisGeNET,35,C0206624,Hepatoblastoma,,-5.9,8.3,7.7,30284,451,73,9,12,3.8,332|890|3485|5347|22943|27122|29128|54443|283120,BIRC5|CCNA2|IGFBP2|PLK1|DKK1|DKK3|UHRF1|ANLN|H19,-3,MyList
DisGeNET,35,C0521158,Recurrent tumor,,-5.8,6.2,7,30284,735,73,11,15,4.2,332|857|1063|1154|4288|4751|5347|7298|8835|22943|55165,BIRC5|CAV1|CENPF|CISH|MKI67|NEK2|PLK1|TYMS|SOCS2|DKK1|CEP55,-3,MyList
DisGeNET,35,C0279628,Adenocarcinoma Of Esophagus,,-5.7,8,7.5,30284,467,73,9,12,3.8,857|3485|5347|7298|11065|22943|27122|29128|259266,CAV1|IGFBP2|PLK1|TYMS|UBE2C|DKK1|DKK3|UHRF1|ASPM,-2.9,MyList
Cell Type Signatures,7,M40073,DESCARTES MAIN FETAL ERYTHROBLASTS,,-5.7,12,8.4,30284,242,73,7,9.6,3.4,991|3009|6241|9787|10024|51203|146909,CDC20|H1-5|RRM2|DLGAP5|TROAP|NUSAP1|KIF18B,-2.8,MyList
DisGeNET,35,C0853879,Invasive carcinoma of breast,,-5.7,7.9,7.4,30284,472,73,9,12,3.8,890|1894|4254|7298|8836|9232|9787|51053|51203,CCNA2|ECT2|KITLG|TYMS|GGH|PTTG1|DLGAP5|GMNN|NUSAP1,-2.8,MyList
DisGeNET,35,C0030297,Pancreatic Neoplasm,,-5.7,6,6.8,30284,764,73,11,15,4.2,332|857|1894|3485|3672|5347|7042|7298|9232|27122|51053,BIRC5|CAV1|ECT2|IGFBP2|ITGA1|PLK1|TGFB2|TYMS|PTTG1|DKK3|GMNN,-2.8,MyList
Cell Type Signatures,7,M39250,MENON FETAL KIDNEY 0 CAP MESENCHYME CELLS,,-5.6,23,10,30284,90,73,5,6.8,3,1063|3148|4288|10051|283120,CENPF|HMGB2|MKI67|SMC4|H19,-2.7,MyList
Cell Type Signatures,7,M39052,MANNO MIDBRAIN NEUROTYPES HOPC,,-5.5,9.1,7.6,30284,366,73,8,11,3.7,332|3485|7018|7298|9928|25840|29128|89958,BIRC5|IGFBP2|TF|TYMS|KIF14|TMT1A|UHRF1|SAPCD2,-2.7,MyList
DisGeNET,35,C0085669,Acute leukemia,,-5.5,6.5,6.9,30284,639,73,10,14,4,890|1462|3485|3930|5347|7018|7298|8835|8836|27122,CCNA2|VCAN|IGFBP2|LBR|PLK1|TF|TYMS|SOCS2|GGH|DKK3,-2.7,MyList
DisGeNET,35,C1378703,Renal carcinoma,,-5.4,6.2,6.7,30284,665,73,10,14,4,857|1462|4254|5347|7298|9232|9585|22943|27122|29128,CAV1|VCAN|KITLG|PLK1|TYMS|PTTG1|KIF20B|DKK1|DKK3|UHRF1,-2.6,MyList
Cell Type Signatures,7,M40297,DESCARTES FETAL STOMACH ERYTHROBLASTS,,-5.4,21,9.7,30284,100,73,5,6.8,3,332|991|7018|9787|79801,BIRC5|CDC20|TF|DLGAP5|SHCBP1,-2.6,MyList
COVID,200,COVID347,RNA_Wilk_B-cells_patient-C6_Up,,-5.1,19,9.2,30284,110,73,5,6.8,3,1063|4288|29028|54443|81611,CENPF|MKI67|ATAD2|ANLN|ANP32E,-2.4,MyList
COVID,200,COVID061,Phosphoproteome_Bouhaddou_Vero_E6_2h_Down,,-5.1,9.7,7.4,30284,300,73,7,9.6,3.4,1894|4288|5347|11004|22974|54443|157313,ECT2|MKI67|PLK1|KIF2C|TPX2|ANLN|CDCA2,-2.3,MyList
COVID,200,COVID039,RNA_Sun_Calu-3_24h_Down,,-5.1,9.7,7.4,30284,300,73,7,9.6,3.4,3838|4001|4288|6241|29028|54443|340547,KPNA2|LMNB1|MKI67|RRM2|ATAD2|ANLN|VSIG1,-2.3,MyList
COVID,200,COVID057,Phosphoproteome_Bouhaddou_Vero_E6_12h_Down,,-5.1,9.7,7.4,30284,300,73,7,9.6,3.4,1063|4001|4288|5347|22974|29028|54443,CENPF|LMNB1|MKI67|PLK1|TPX2|ATAD2|ANLN,-2.3,MyList
DisGeNET,35,C0597984,Biliary stricture,,-5,73,15,30284,17,73,3,4.1,2.3,332|4751|11004,BIRC5|NEK2|KIF2C,-2.3,MyList
Cell Type Signatures,7,M40025,BUSSLINGER DUODENAL DIFFERENTIATING STEM CELLS,,-5,9.5,7.4,30284,305,73,7,9.6,3.4,1063|3148|3930|4288|6241|10051|259266,CENPF|HMGB2|LBR|MKI67|RRM2|SMC4|ASPM,-2.3,MyList
DisGeNET,35,C0024305,"Lymphoma, Non-Hodgkin",,-5,5.7,6.3,30284,733,73,10,14,4,332|3930|4288|5347|7298|8836|10051|11065|22974|283120,BIRC5|LBR|MKI67|PLK1|TYMS|GGH|SMC4|UBE2C|TPX2|H19,-2.3,MyList
DisGeNET,35,C0220641,Lip and Oral Cavity Carcinoma,,-5,5.7,6.3,30284,734,73,10,14,4,332|857|991|1356|1894|5347|22943|27122|51053|83461,BIRC5|CAV1|CDC20|CP|ECT2|PLK1|DKK1|DKK3|GMNN|CDCA3,-2.3,MyList
COVID,200,COVID369,Interactome_Laurent_HEK293_24h_NSP13,,-5,29,10,30284,57,73,4,5.5,2.7,991|6241|9232|51203,CDC20|RRM2|PTTG1|NUSAP1,-2.2,MyList
DisGeNET,35,C2145472,Urothelial Carcinoma,,-4.9,7.4,6.7,30284,448,73,8,11,3.7,991|1154|3838|4288|5347|6241|7042|9585,CDC20|CISH|KPNA2|MKI67|PLK1|RRM2|TGFB2|KIF20B,-2.2,MyList
DisGeNET,35,C0153381,Malignant neoplasm of mouth,,-4.9,5.5,6.1,30284,756,73,10,14,4,332|857|991|1356|1894|5347|22943|27122|51053|83461,BIRC5|CAV1|CDC20|CP|ECT2|PLK1|DKK1|DKK3|GMNN|CDCA3,-2.2,MyList
Cell Type Signatures,7,M39251,MENON FETAL KIDNEY 1 EMBRYONIC RED BLOOD CELLS,,-4.9,16,8.5,30284,126,73,5,6.8,3,3148|4288|9232|10051|51203,HMGB2|MKI67|PTTG1|SMC4|NUSAP1,-2.2,MyList
Cell Type Signatures,7,M39053,MANNO MIDBRAIN NEUROTYPES HRGL2C,,-4.9,8.9,7.1,30284,326,73,7,9.6,3.4,332|1063|3485|9837|25840|29128|51203,BIRC5|CENPF|IGFBP2|GINS1|TMT1A|UHRF1|NUSAP1,-2.2,MyList
DisGeNET,35,C0278876,Adult Medulloblastoma,,-4.8,5.4,6.1,30284,762,73,10,14,4,5347|7018|7042|7298|9232|9928|22943|27122|29128|259266,PLK1|TF|TGFB2|TYMS|PTTG1|KIF14|DKK1|DKK3|UHRF1|ASPM,-2.2,MyList
DisGeNET,35,C0278510,Childhood Medulloblastoma,,-4.8,5.4,6.1,30284,771,73,10,14,4,5347|7018|7042|7298|9232|9928|22943|27122|29128|259266,PLK1|TF|TGFB2|TYMS|PTTG1|KIF14|DKK1|DKK3|UHRF1|ASPM,-2.1,MyList
DisGeNET,35,C0175754,Agenesis of corpus callosum,,-4.8,6.1,6.2,30284,615,73,9,12,3.8,1063|1356|1462|6241|7298|9232|9928|27122|259266,CENPF|CP|VCAN|RRM2|TYMS|PTTG1|KIF14|DKK3|ASPM,-2.1,MyList
Cell Type Signatures,7,M41673,TRAVAGLINI LUNG MYOFIBROBLAST CELL,,-4.7,26,9.7,30284,65,73,4,5.5,2.7,1462|8507|27122|51435,VCAN|ENC1|DKK3|SCARA3,-2.1,MyList
DisGeNET,35,C0007112,Adenocarcinoma of prostate,,-4.7,8.5,6.8,30284,342,73,7,9.6,3.4,1462|3485|4254|4288|6241|7298|8835,VCAN|IGFBP2|KITLG|MKI67|RRM2|TYMS|SOCS2,-2.1,MyList
Transcription Factor Targets,16,M9024,KRCTCNNNNMANAGC UNKNOWN,,-4.7,25,9.7,30284,66,73,4,5.5,2.7,3009|8340|8969|11065,H1-5|H2BC13|H2AC11|UBE2C,-2,MyList
DisGeNET,35,C0333516,Tumor necrosis,,-4.7,8.3,6.7,30284,350,73,7,9.6,3.4,1154|3485|4288|5347|7042|7298|27122,CISH|IGFBP2|MKI67|PLK1|TGFB2|TYMS|DKK3,-2,MyList
COVID,200,COVID220,Proteome_Bojkova_Caco-2_24h_Down,,-4.5,23,9.2,30284,72,73,4,5.5,2.7,6241|11065|51053|51203,RRM2|UBE2C|GMNN|NUSAP1,-1.9,MyList
DisGeNET,35,C1292778,Chronic myeloproliferative disorder,,-4.5,7.9,6.6,30284,366,73,7,9.6,3.4,1063|1154|4254|8835|22943|27122|51053,CENPF|CISH|KITLG|SOCS2|DKK1|DKK3|GMNN,-1.9,MyList
DisGeNET,35,C0030246,Pustulosis of Palms and Soles,,-4.5,22,9.1,30284,74,73,4,5.5,2.7,1356|4288|7298|9232,CP|MKI67|TYMS|PTTG1,-1.9,MyList
COVID,200,COVID200,Ubiquitinome_Stukalov_A549-ACE2_6h_Down,,-4.5,10,7,30284,250,73,6,8.2,3.2,991|3009|3930|4288|8340|440689,CDC20|H1-5|LBR|MKI67|H2BC13|H2BC18,-1.9,MyList
DisGeNET,35,C3539781,Progressive cGVHD,,-4.4,7.6,6.4,30284,382,73,7,9.6,3.4,332|3930|4254|7018|7042|7298|22943,BIRC5|LBR|KITLG|TF|TGFB2|TYMS|DKK1,-1.8,MyList
DisGeNET,35,C0677932,Progressive Neoplastic Disease,,-4.4,7.6,6.4,30284,382,73,7,9.6,3.4,332|3930|4254|7018|7042|7298|22943,BIRC5|LBR|KITLG|TF|TGFB2|TYMS|DKK1,-1.8,MyList
DisGeNET,35,C1257931,"Mammary Neoplasms, Human",,-4.4,6.3,6,30284,527,73,8,11,3.7,332|857|1063|4288|7298|11065|22943|283120,BIRC5|CAV1|CENPF|MKI67|TYMS|UBE2C|DKK1|H19,-1.8,MyList
DisGeNET,35,C1861305,TARSAL-CARPAL COALITION SYNDROME,,-4.4,9.6,6.8,30284,260,73,6,8.2,3.2,857|1154|4288|9787|29128|55165,CAV1|CISH|MKI67|DLGAP5|UHRF1|CEP55,-1.8,MyList
DisGeNET,35,C0271694,Familial partial lipodystrophy,,-4.4,44,11,30284,28,73,3,4.1,2.3,857|3930|4001,CAV1|LBR|LMNB1,-1.8,MyList
Transcription Factor Targets,16,M8797,ALPHACP1 01,,-4.4,9.5,6.8,30284,263,73,6,8.2,3.2,4751|9787|11065|83461|115019|259266,NEK2|DLGAP5|UBE2C|CDCA3|SLC26A9|ASPM,-1.8,MyList
DisGeNET,35,C0002793,Anaplasia,,-4.3,6.2,5.9,30284,538,73,8,11,3.7,857|3485|4254|4288|5347|7042|27122|29128,CAV1|IGFBP2|KITLG|MKI67|PLK1|TGFB2|DKK3|UHRF1,-1.7,MyList
DisGeNET,35,C4704874,"Mammary Carcinoma, Human",,-4.3,6.1,5.9,30284,545,73,8,11,3.7,332|857|1063|4288|7298|11065|22943|283120,BIRC5|CAV1|CENPF|MKI67|TYMS|UBE2C|DKK1|H19,-1.7,MyList
COVID,200,COVID206,Proteome_Li_Urine-mild-vs-healthy_Up,,-4.2,19,8.4,30284,86,73,4,5.5,2.7,1356|3009|29028|654483,CP|H1-5|ATAD2|BOLA2B,-1.7,MyList
DisGeNET,35,C0013221,Drug toxicity,,-4.2,19,8.4,30284,86,73,4,5.5,2.7,1356|4254|7018|7298,CP|KITLG|TF|TYMS,-1.7,MyList
DisGeNET,35,C1512127,HER2 gene amplification,,-4.2,12,7.2,30284,170,73,5,6.8,3,857|1154|4288|7298|10460,CAV1|CISH|MKI67|TYMS|TACC3,-1.7,MyList
DisGeNET,35,C0041755,Adverse reaction to drug,,-4.2,19,8.3,30284,87,73,4,5.5,2.7,1356|4254|7018|7298,CP|KITLG|TF|TYMS,-1.7,MyList
DisGeNET,35,C0025500,Mesothelioma,,-4.2,5.9,5.8,30284,559,73,8,11,3.7,332|1462|3485|4254|4288|7298|22943|51435,BIRC5|VCAN|IGFBP2|KITLG|MKI67|TYMS|DKK1|SCARA3,-1.7,MyList
DisGeNET,35,C0206686,Adrenocortical carcinoma,,-4.2,8.9,6.5,30284,281,73,6,8.2,3.2,1356|3485|7298|9232|27122|283120,CP|IGFBP2|TYMS|PTTG1|DKK3|H19,-1.7,MyList
DisGeNET,35,C1827293,"Carcinoma of urinary bladder, invasive",,-4.2,8.7,6.4,30284,287,73,6,8.2,3.2,857|1063|1154|4288|55165|283120,CAV1|CENPF|CISH|MKI67|CEP55|H19,-1.6,MyList
DisGeNET,35,C0345967,Malignant mesothelioma,,-4.2,6.9,6,30284,420,73,7,9.6,3.4,5347|7018|7042|7298|22943|27122|259266,PLK1|TF|TGFB2|TYMS|DKK1|DKK3|ASPM,-1.6,MyList
DisGeNET,35,C0149519,Chronic Persistent Hepatitis,,-4.2,38,10,30284,33,73,3,4.1,2.3,1356|4288|7018,CP|MKI67|TF,-1.6,MyList
DisGeNET,35,C0027658,"Neoplasms, Germ Cell and Embryonal",,-4.1,37,10,30284,34,73,3,4.1,2.3,332|3485|4254,BIRC5|IGFBP2|KITLG,-1.6,MyList
DisGeNET,35,C0016059,Fibrosis,,-4.1,11,6.9,30284,184,73,5,6.8,3,857|890|4288|7042|51053,CAV1|CCNA2|MKI67|TGFB2|GMNN,-1.5,MyList
DisGeNET,35,C0039101,synovial sarcoma,,-4.1,8.3,6.3,30284,299,73,6,8.2,3.2,857|3930|4288|5347|9837|79801,CAV1|LBR|MKI67|PLK1|GINS1|SHCBP1,-1.5,MyList
COVID,200,COVID037,RNA_Sun_Calu-3_12h_Down,,-4.1,8.3,6.2,30284,300,73,6,8.2,3.2,3838|4001|6241|9232|11065|340547,KPNA2|LMNB1|RRM2|PTTG1|UBE2C|VSIG1,-1.5,MyList
DisGeNET,35,C0854985,"Adenocarcinoma of lung, stage I",,-4,34,9.8,30284,37,73,3,4.1,2.3,857|4288|7298,CAV1|MKI67|TYMS,-1.5,MyList
TRRUST,34,TRR01546,Regulated by: YBX1,,-4,34,9.8,30284,37,73,3,4.1,2.3,991|3838|7298,CDC20|KPNA2|TYMS,-1.5,MyList
Cell Type Signatures,7,M39218,ZHENG CORD BLOOD C9 GRANULOCYTE MACROPHAGE PROGENITOR,,-4,17,7.7,30284,100,73,4,5.5,2.7,332|1063|1356|4288,BIRC5|CENPF|CP|MKI67,-1.5,MyList
DisGeNET,35,C2749675,Cortical gyral simplification,,-3.9,32,9.5,30284,39,73,3,4.1,2.3,9928|51053|259266,KIF14|GMNN|ASPM,-1.4,MyList
DisGeNET,35,C0595989,Carcinoma of larynx,,-3.9,6.4,5.7,30284,456,73,7,9.6,3.4,857|1462|4288|5347|7042|9232|22943,CAV1|VCAN|MKI67|PLK1|TGFB2|PTTG1|DKK1,-1.4,MyList
DisGeNET,35,C0010606,Adenoid Cystic Carcinoma,,-3.9,7.7,5.9,30284,325,73,6,8.2,3.2,1063|1462|3485|7298|29128|259266,CENPF|VCAN|IGFBP2|TYMS|UHRF1|ASPM,-1.4,MyList
DisGeNET,35,C0007113,Rectal Carcinoma,,-3.8,6.2,5.5,30284,472,73,7,9.6,3.4,332|4288|5347|7298|8836|11065|51053,BIRC5|MKI67|PLK1|TYMS|GGH|UBE2C|GMNN,-1.3,MyList
COVID,200,COVID313,RNA_Wilk_CD8+T-cells_patient-C5_Up,,-3.8,29,9,30284,43,73,3,4.1,2.3,3148|4001|4288,HMGB2|LMNB1|MKI67,-1.3,MyList
DisGeNET,35,C0004763,Barrett Esophagus,,-3.8,6.1,5.5,30284,478,73,7,9.6,3.4,857|890|4254|4288|7298|11065|22943,CAV1|CCNA2|KITLG|MKI67|TYMS|UBE2C|DKK1,-1.3,MyList
DisGeNET,35,C0079772,T-Cell Lymphoma,,-3.8,6,5.4,30284,485,73,7,9.6,3.4,857|4288|5347|7018|7298|22974|55165,CAV1|MKI67|PLK1|TF|TYMS|TPX2|CEP55,-1.3,MyList
COVID,200,COVID345,RNA_Wilk_B-cells_patient-C5_Up,,-3.7,14,7.1,30284,116,73,4,5.5,2.7,1462|4288|6241|10051,VCAN|MKI67|RRM2|SMC4,-1.3,MyList
COVID,200,COVID025,RNA_Lamers_intestinal-organoid_differentiated_Down,,-3.7,27,8.7,30284,46,73,3,4.1,2.3,5347|9585|340547,PLK1|KIF20B|VSIG1,-1.2,MyList
DisGeNET,35,C0149782,Squamous cell carcinoma of lung,,-3.7,5,5.1,30284,670,73,8,11,3.7,857|1894|5347|6241|7298|10460|22974|51053,CAV1|ECT2|PLK1|RRM2|TYMS|TACC3|TPX2|GMNN,-1.2,MyList
DisGeNET,35,C0280324,Laryngeal Squamous Cell Carcinoma,,-3.7,5.8,5.3,30284,504,73,7,9.6,3.4,857|1462|1894|4288|8835|29128|51053,CAV1|VCAN|ECT2|MKI67|SOCS2|UHRF1|GMNN,-1.2,MyList
DisGeNET,35,C4525119,Stage II Colon Cancer AJCC v8,,-3.7,26,8.5,30284,48,73,3,4.1,2.3,1462|7298|22943,VCAN|TYMS|DKK1,-1.2,MyList
DisGeNET,35,C3146257,Stage II Colon Cancer AJCC v7,,-3.7,26,8.5,30284,48,73,3,4.1,2.3,1462|7298|22943,VCAN|TYMS|DKK1,-1.2,MyList
PaGenBase,36,PGB:00030,Tissue-specific: bone marrow,,-3.6,9.1,6,30284,227,73,5,6.8,3,332|890|1462|3009|8969,BIRC5|CCNA2|VCAN|H1-5|H2AC11,-1.2,MyList
DisGeNET,35,C0279550,Adult Rhabdomyosarcoma,,-3.6,5.7,5.3,30284,509,73,7,9.6,3.4,857|3485|4254|4288|5347|6241|283120,CAV1|IGFBP2|KITLG|MKI67|PLK1|RRM2|H19,-1.2,MyList
DisGeNET,35,C0278479,Stage II Colon Cancer,,-3.6,25,8.4,30284,49,73,3,4.1,2.3,1462|7298|22943,VCAN|TYMS|DKK1,-1.2,MyList
Cell Type Signatures,7,M39175,MURARO PANCREAS MESENCHYMAL STROMAL CELL,,-3.6,4.9,5,30284,680,73,8,11,3.7,857|1462|3672|4254|8507|10051|27122|51435,CAV1|VCAN|ITGA1|KITLG|ENC1|SMC4|DKK3|SCARA3,-1.2,MyList
DisGeNET,35,C0282612,Prostatic Intraepithelial Neoplasias,,-3.6,9,6,30284,230,73,5,6.8,3,857|3485|4288|5347|7042,CAV1|IGFBP2|MKI67|PLK1|TGFB2,-1.2,MyList
DisGeNET,35,C0220611,Childhood Rhabdomyosarcoma,,-3.6,5.6,5.2,30284,517,73,7,9.6,3.4,857|3485|4254|4288|5347|6241|283120,CAV1|IGFBP2|KITLG|MKI67|PLK1|RRM2|H19,-1.2,MyList
DisGeNET,35,C0027022,Myeloproliferative disease,,-3.6,6.8,5.5,30284,365,73,6,8.2,3.2,1154|4254|8835|22943|27122|283120,CISH|KITLG|SOCS2|DKK1|DKK3|H19,-1.2,MyList
TRRUST,34,TRR01256,Regulated by: SP1,,-3.6,5.5,5.1,30284,525,73,7,9.6,3.4,332|857|890|7018|7298|9232|11004,BIRC5|CAV1|CCNA2|TF|TYMS|PTTG1|KIF2C,-1.1,MyList
DisGeNET,35,C0334276,Adenocarcinoma in Situ,,-3.5,23,7.9,30284,55,73,3,4.1,2.3,857|4288|27122,CAV1|MKI67|DKK3,-1.1,MyList
DisGeNET,35,C0008479,Chondrosarcoma,,-3.5,6.5,5.3,30284,385,73,6,8.2,3.2,890|1462|4288|5347|7042|22943,CCNA2|VCAN|MKI67|PLK1|TGFB2|DKK1,-1,MyList
DisGeNET,35,C0238461,Anaplastic thyroid carcinoma,,-3.4,6.3,5.2,30284,392,73,6,8.2,3.2,857|5347|11065|29128|55165|259266,CAV1|PLK1|UBE2C|UHRF1|CEP55|ASPM,-1,MyList
DisGeNET,35,C0282160,Aplasia Cutis Congenita,,-3.4,6.3,5.2,30284,392,73,6,8.2,3.2,1356|1462|6241|7298|9232|27122,CP|VCAN|RRM2|TYMS|PTTG1|DKK3,-1,MyList
DisGeNET,35,C0220668,Congenital contractural arachnodactyly,,-3.4,5.2,4.9,30284,559,73,7,9.6,3.4,332|5347|7018|7042|7298|9232|10460,BIRC5|PLK1|TF|TGFB2|TYMS|PTTG1|TACC3,-0.98,MyList
DisGeNET,35,C1136382,Sclerocystic Ovaries,,-3.4,12,6.2,30284,144,73,4,5.5,2.7,6241|54443|55165|259266,RRM2|ANLN|CEP55|ASPM,-0.98,MyList
DisGeNET,35,C0346402,Malignant neoplasm of adrenal cortex,,-3.4,21,7.5,30284,60,73,3,4.1,2.3,3485|7298|9232,IGFBP2|TYMS|PTTG1,-0.98,MyList
DisGeNET,35,C0024620,Primary Malignant Liver Neoplasm,,-3.4,21,7.5,30284,60,73,3,4.1,2.3,890|7298|10051,CCNA2|TYMS|SMC4,-0.98,MyList
DisGeNET,35,C0035412,Rhabdomyosarcoma,,-3.4,5.1,4.9,30284,565,73,7,9.6,3.4,857|3485|4254|4288|5347|6241|283120,CAV1|IGFBP2|KITLG|MKI67|PLK1|RRM2|H19,-0.97,MyList
COVID,200,COVID212,Proteome_Shen_Serum-severe-vs-healthy_Up,,-3.3,20,7.4,30284,62,73,3,4.1,2.3,1356|8836|440689,CP|GGH|H2BC18,-0.94,MyList
DisGeNET,35,C0016057,Fibrosarcoma,,-3.3,6,5.1,30284,413,73,6,8.2,3.2,857|4254|4288|6241|7042|8836,CAV1|KITLG|MKI67|RRM2|TGFB2|GGH,-0.92,MyList
COVID,200,COVID185,Proteome_Stukalov_A549_72h_S_Up,,-3.3,19,7.3,30284,64,73,3,4.1,2.3,332|4288|128239,BIRC5|MKI67|IQGAP3,-0.91,MyList
Cell Type Signatures,7,M39209,HAY BONE MARROW STROMAL,,-3.3,4.3,4.6,30284,765,73,8,11,3.7,857|1356|3485|3672|4254|7018|51435|79642,CAV1|CP|IGFBP2|ITGA1|KITLG|TF|SCARA3|ARSJ,-0.91,MyList
DisGeNET,35,C0271561,Somatotropin deficiency,,-3.3,11,6,30284,154,73,4,5.5,2.7,857|8835|51053|283120,CAV1|SOCS2|GMNN|H19,-0.89,MyList
DisGeNET,35,C0812413,Malignant Pleural Mesothelioma,,-3.3,5.9,5,30284,421,73,6,8.2,3.2,332|857|1356|3930|5347|7298,BIRC5|CAV1|CP|LBR|PLK1|TYMS,-0.89,MyList
DisGeNET,35,C0205851,Germ cell tumor,,-3.2,7.5,5.3,30284,278,73,5,6.8,3,1154|4254|7042|9232|283120,CISH|KITLG|TGFB2|PTTG1|H19,-0.87,MyList
DisGeNET,35,C0266294,Unilateral agenesis of kidney,,-3.2,18,7,30284,69,73,3,4.1,2.3,3930|9928|259266,LBR|KIF14|ASPM,-0.83,MyList
COVID,200,COVID132,Phosphoproteome_Stukalov_A549-ACE2_6h_Down,,-3.2,18,7,30284,69,73,3,4.1,2.3,4288|29028|54443,MKI67|ATAD2|ANLN,-0.83,MyList
DisGeNET,35,C0009376,Colonic Polyps,,-3.2,18,7,30284,69,73,3,4.1,2.3,3485|4254|22943,IGFBP2|KITLG|DKK1,-0.83,MyList
DisGeNET,35,C0346429,Multiple malignancy,,-3.2,10,5.8,30284,163,73,4,5.5,2.7,857|3838|4751|10051,CAV1|KPNA2|NEK2|SMC4,-0.82,MyList
DisGeNET,35,C0751075,Cancer of Digestive System,,-3.2,18,6.9,30284,71,73,3,4.1,2.3,4751|7298|22974,NEK2|TYMS|TPX2,-0.8,MyList
DisGeNET,35,C3714796,Isolated somatotropin deficiency,,-3.1,9.9,5.7,30284,168,73,4,5.5,2.7,857|8835|51053|283120,CAV1|SOCS2|GMNN|H19,-0.77,MyList
DisGeNET,35,C0027962,Melanocytic nevus,,-3.1,7,5.1,30284,296,73,5,6.8,3,1462|4254|4288|11065|79801,VCAN|KITLG|MKI67|UBE2C|SHCBP1,-0.77,MyList
DisGeNET,35,C0003872,"Arthritis, Psoriatic",,-3.1,5.5,4.8,30284,450,73,6,8.2,3.2,3672|4288|7298|9232|22943|259266,ITGA1|MKI67|TYMS|PTTG1|DKK1|ASPM,-0.77,MyList
Transcription Factor Targets,16,M1905,SGCGSSAAA E2F1DP2 01,,-3.1,9.8,5.6,30284,170,73,4,5.5,2.7,1462|6241|29028|51053,VCAN|RRM2|ATAD2|GMNN,-0.77,MyList
Cell Type Signatures,7,M39115,AIZARANI LIVER C11 HEPATOCYTES 1,,-3.1,7,5.1,30284,298,73,5,6.8,3,1356|3485|7018|8836|25840,CP|IGFBP2|TF|GGH|TMT1A,-0.77,MyList
COVID,200,COVID374,Interactome_Laurent_HEK293_24h_NSP3,,-3.1,6.9,5.1,30284,299,73,5,6.8,3,3930|9928|25840|51203|83461,LBR|KIF14|TMT1A|NUSAP1|CDCA3,-0.77,MyList
DisGeNET,35,C0039538,Teratoma,,-3.1,9.7,5.6,30284,171,73,4,5.5,2.7,332|1154|4254|51053,BIRC5|CISH|KITLG|GMNN,-0.77,MyList
COVID,200,COVID035,RNA_Sun_Calu-3_0h_Down,,-3.1,9.7,5.6,30284,171,73,4,5.5,2.7,1063|4254|259266|283431,CENPF|KITLG|ASPM|GAS2L3,-0.77,MyList
COVID,200,COVID065,Phosphoproteome_Bouhaddou_Vero_E6_8h_Down,,-3.1,6.9,5.1,30284,300,73,5,6.8,3,4288|5347|22974|29028|54443,MKI67|PLK1|TPX2|ATAD2|ANLN,-0.77,MyList
COVID,200,COVID049,RNA_Wyler_Calu-3_24h_Down,,-3.1,6.9,5.1,30284,300,73,5,6.8,3,1063|4751|25840|83461|128239,CENPF|NEK2|TMT1A|CDCA3|IQGAP3,-0.77,MyList
DisGeNET,35,C0010633,Cystadenoma,,-3.1,17,6.6,30284,75,73,3,4.1,2.3,4288|5347|22943,MKI67|PLK1|DKK1,-0.77,MyList
DisGeNET,35,C0023461,"Leukemia, Mast-Cell",,-3.1,17,6.6,30284,75,73,3,4.1,2.3,4254|5347|283120,KITLG|PLK1|H19,-0.77,MyList
DisGeNET,35,C0017525,Giant Cell Tumors,,-3.1,16,6.6,30284,76,73,3,4.1,2.3,890|4288|283120,CCNA2|MKI67|H19,-0.75,MyList
DisGeNET,35,C0024232,Lymphatic Metastasis,,-3.1,5.4,4.7,30284,463,73,6,8.2,3.2,857|4288|5347|7298|11065|22974,CAV1|MKI67|PLK1|TYMS|UBE2C|TPX2,-0.73,MyList
DisGeNET,35,C4721414,Mantle cell lymphoma,,-3,5.4,4.6,30284,465,73,6,8.2,3.2,991|3930|5347|7042|22974|51053,CDC20|LBR|PLK1|TGFB2|TPX2|GMNN,-0.72,MyList
DisGeNET,35,C0019348,Herpes Simplex Infections,,-3,4.5,4.4,30284,644,73,7,9.6,3.4,1154|3148|3930|4001|7298|10051|283120,CISH|HMGB2|LBR|LMNB1|TYMS|SMC4|H19,-0.72,MyList
DisGeNET,35,C0036631,Seminoma,,-3,6.7,4.9,30284,311,73,5,6.8,3,1154|4254|4751|9232|283120,CISH|KITLG|NEK2|PTTG1|H19,-0.71,MyList
DisGeNET,35,C0032927,Precancerous Conditions,,-3,5.3,4.6,30284,471,73,6,8.2,3.2,857|1154|1356|1462|3485|29128,CAV1|CISH|CP|VCAN|IGFBP2|UHRF1,-0.7,MyList
DisGeNET,35,C0278601,Inflammatory Breast Carcinoma,,-3,9.1,5.4,30284,183,73,4,5.5,2.7,857|1894|11065|51203,CAV1|ECT2|UBE2C|NUSAP1,-0.69,MyList
DisGeNET,35,C0677936,Refractory cancer,,-3,9,5.4,30284,184,73,4,5.5,2.7,5347|7298|8836|29128,PLK1|TYMS|GGH|UHRF1,-0.68,MyList
DisGeNET,35,C0205969,Thymic Carcinoma,,-3,15,6.3,30284,82,73,3,4.1,2.3,4254|7298|8836,KITLG|TYMS|GGH,-0.68,MyList
COVID,200,COVID204,Proteome_Li_Urine-severe-vs-healthy_Up,,-3,15,6.3,30284,83,73,3,4.1,2.3,3009|29028|654483,H1-5|ATAD2|BOLA2B,-0.67,MyList
DisGeNET,35,C0740457,Malignant neoplasm of kidney,,-3,4.4,4.3,30284,664,73,7,9.6,3.4,857|1462|7298|9232|22943|27122|29128,CAV1|VCAN|TYMS|PTTG1|DKK1|DKK3|UHRF1,-0.66,MyList
DisGeNET,35,C0220620,Gastrointestinal Carcinoid Tumor,,-3,6.4,4.8,30284,323,73,5,6.8,3,1154|4254|4288|7042|27122,CISH|KITLG|MKI67|TGFB2|DKK3,-0.66,MyList
COVID,200,COVID240,RNA_Lieberman_Nasopharynx_High_vs_Low_Down,,-3,8.8,5.3,30284,188,73,4,5.5,2.7,4288|51203|54443|259266,MKI67|NUSAP1|ANLN|ASPM,-0.66,MyList
DisGeNET,35,C0007124,Noninfiltrating Intraductal Carcinoma,,-2.9,5.1,4.5,30284,486,73,6,8.2,3.2,857|1154|3838|3930|4288|4751,CAV1|CISH|KPNA2|LBR|MKI67|NEK2,-0.65,MyList
DisGeNET,35,C1368683,Epithelioma,,-2.9,6.4,4.8,30284,326,73,5,6.8,3,857|4254|5347|7042|7298,CAV1|KITLG|PLK1|TGFB2|TYMS,-0.65,MyList
DisGeNET,35,C4722099,High grade glioma,,-2.9,8.7,5.3,30284,190,73,4,5.5,2.7,1462|1894|3485|7042,VCAN|ECT2|IGFBP2|TGFB2,-0.65,MyList
DisGeNET,35,C0002170,Alopecia,,-2.9,5.1,4.5,30284,490,73,6,8.2,3.2,332|1356|7042|7298|22943|79801,BIRC5|CP|TGFB2|TYMS|DKK1|SHCBP1,-0.64,MyList
DisGeNET,35,C0021843,Intestinal Obstruction,,-2.9,14,6.1,30284,87,73,3,4.1,2.3,4254|7298|115019,KITLG|TYMS|SLC26A9,-0.63,MyList
DisGeNET,35,C0085215,"Ovarian Failure, Premature",,-2.9,6.2,4.7,30284,333,73,5,6.8,3,857|4254|7298|22943|283120,CAV1|KITLG|TYMS|DKK1|H19,-0.62,MyList
DisGeNET,35,C0279680,Transitional cell carcinoma of bladder,,-2.9,6.2,4.7,30284,333,73,5,6.8,3,857|11065|29128|54443|55165,CAV1|UBE2C|UHRF1|ANLN|CEP55,-0.62,MyList
Transcription Factor Targets,16,M30142,RFX7 TARGET GENES,,-2.9,5,4.4,30284,500,73,6,8.2,3.2,8836|22943|23306|51053|83461|157313,GGH|DKK1|NEMP1|GMNN|CDCA3|CDCA2,-0.61,MyList
DisGeNET,35,C0030305,Pancreatitis,,-2.9,5,4.4,30284,502,73,6,8.2,3.2,857|991|7018|7298|54443|259266,CAV1|CDC20|TF|TYMS|ANLN|ASPM,-0.6,MyList
DisGeNET,35,C0278660,Adult Synovial Sarcoma,,-2.9,8.4,5.1,30284,198,73,4,5.5,2.7,4288|5347|9837|79801,MKI67|PLK1|GINS1|SHCBP1,-0.6,MyList
DisGeNET,35,C0003962,Ascites,,-2.9,8.4,5.1,30284,198,73,4,5.5,2.7,3930|7298|29028|55165,LBR|TYMS|ATAD2|CEP55,-0.6,MyList
DisGeNET,35,C0279982,Childhood Synovial Sarcoma,,-2.9,8.4,5.1,30284,198,73,4,5.5,2.7,4288|5347|9837|79801,MKI67|PLK1|GINS1|SHCBP1,-0.6,MyList
DisGeNET,35,C0220636,Malignant neoplasm of salivary gland,,-2.9,14,6,30284,91,73,3,4.1,2.3,1462|3485|259266,VCAN|IGFBP2|ASPM,-0.59,MyList
DisGeNET,35,C0151779,Cutaneous Melanoma,,-2.9,4.9,4.4,30284,507,73,6,8.2,3.2,4288|4751|5347|7298|9232|146909,MKI67|NEK2|PLK1|TYMS|PTTG1|KIF18B,-0.59,MyList
DisGeNET,35,C2363741,HIV-1 infection,,-2.8,4.2,4.2,30284,695,73,7,9.6,3.4,332|890|3930|5347|27122|29028|55165,BIRC5|CCNA2|LBR|PLK1|DKK3|ATAD2|CEP55,-0.59,MyList
DisGeNET,35,C0220756,"Niemann-Pick Disease, Type C",,-2.8,8.3,5.1,30284,201,73,4,5.5,2.7,857|1356|27122|283120,CAV1|CP|DKK3|H19,-0.59,MyList
DisGeNET,35,C0221170,Muscular stiffness,,-2.8,14,5.9,30284,92,73,3,4.1,2.3,857|3930|283120,CAV1|LBR|H19,-0.59,MyList
DisGeNET,35,C0949691,Spondylarthropathies,,-2.8,14,5.9,30284,92,73,3,4.1,2.3,1462|4288|22943,VCAN|MKI67|DKK1,-0.59,MyList
DisGeNET,35,C0334579,Anaplastic astrocytoma,,-2.8,8.2,5.1,30284,202,73,4,5.5,2.7,857|3485|4288|9928,CAV1|IGFBP2|MKI67|KIF14,-0.59,MyList
DisGeNET,35,C0034885,Rectal Neoplasms,,-2.8,13,5.9,30284,93,73,3,4.1,2.3,332|4288|7298,BIRC5|MKI67|TYMS,-0.58,MyList
DisGeNET,35,C0333983,Hyperplastic Polyp,,-2.8,8.1,5,30284,204,73,4,5.5,2.7,1356|4254|4288|8835,CP|KITLG|MKI67|SOCS2,-0.58,MyList
DisGeNET,35,C0221013,"Mastocytosis, Systemic",,-2.8,13,5.8,30284,94,73,3,4.1,2.3,4254|5347|283120,KITLG|PLK1|H19,-0.57,MyList
COVID,200,COVID009,RNA_Blanco-Melo_A549-ACE2_Down,,-2.8,8,5,30284,207,73,4,5.5,2.7,857|27122|51435|57530,CAV1|DKK3|SCARA3|CGN,-0.56,MyList
DisGeNET,35,C0038013,Ankylosing spondylitis,,-2.8,4.1,4.1,30284,710,73,7,9.6,3.4,1154|3672|9837|22943|27122|79801|259266,CISH|ITGA1|GINS1|DKK1|DKK3|SHCBP1|ASPM,-0.56,MyList
Transcription Factor Targets,16,M40742,GTF2A2 TARGET GENES,,-2.8,4.8,4.3,30284,521,73,6,8.2,3.2,6241|8969|29028|51203|157313|440689,RRM2|H2AC11|ATAD2|NUSAP1|CDCA2|H2BC18,-0.56,MyList
DisGeNET,35,C0011853,"Diabetes Mellitus, Experimental",,-2.8,4.8,4.3,30284,522,73,6,8.2,3.2,857|890|1356|7018|7042|9153,CAV1|CCNA2|CP|TF|TGFB2|SLC28A2,-0.56,MyList
PaGenBase,36,PGB:00012,Tissue-specific: thymus,,-2.8,7.9,4.9,30284,211,73,4,5.5,2.7,4288|29128|51203|259266,MKI67|UHRF1|NUSAP1|ASPM,-0.54,MyList
DisGeNET,35,C0007786,Brain Ischemia,,-2.8,5.8,4.5,30284,358,73,5,6.8,3,857|1356|4254|7018|22943,CAV1|CP|KITLG|TF|DKK1,-0.53,MyList
DisGeNET,35,C3469521,"FANCONI ANEMIA, COMPLEMENTATION GROUP A (disorder)",,-2.8,5.8,4.5,30284,359,73,5,6.8,3,857|4254|8836|22943|29128,CAV1|KITLG|GGH|DKK1|UHRF1,-0.53,MyList
Cell Type Signatures,7,M40011,BUSSLINGER GASTRIC METALLOTHIONEIN CELLS,,-2.7,12,5.6,30284,100,73,3,4.1,2.3,3485|25840|340547,IGFBP2|TMT1A|VSIG1,-0.51,MyList
DisGeNET,35,C0238198,Gastrointestinal Stromal Tumors,,-2.7,4.6,4.2,30284,538,73,6,8.2,3.2,332|1462|4254|4288|22974|340547,BIRC5|VCAN|KITLG|MKI67|TPX2|VSIG1,-0.5,MyList
Cell Type Signatures,7,M39119,AIZARANI LIVER C17 HEPATOCYTES 3,,-2.7,12,5.6,30284,102,73,3,4.1,2.3,1356|3485|7018,CP|IGFBP2|TF,-0.49,MyList
DisGeNET,35,C0040028,"Thrombocythemia, Essential",,-2.7,7.5,4.8,30284,220,73,4,5.5,2.7,1154|8835|22943|27122,CISH|SOCS2|DKK1|DKK3,-0.49,MyList
DisGeNET,35,C0149978,Adenocarcinoma of rectum,,-2.7,12,5.5,30284,103,73,3,4.1,2.3,4288|7298|11065,MKI67|TYMS|UBE2C,-0.49,MyList
DisGeNET,35,C0028840,Ocular Hypertension,,-2.7,12,5.5,30284,103,73,3,4.1,2.3,857|1356|7042,CAV1|CP|TGFB2,-0.49,MyList
DisGeNET,35,C3642346,Luminal B Breast Carcinoma,,-2.7,12,5.5,30284,103,73,3,4.1,2.3,3485|4288|7298,IGFBP2|MKI67|TYMS,-0.49,MyList
DisGeNET,35,C3665593,Melanocytic nevus of skin,,-2.7,12,5.5,30284,103,73,3,4.1,2.3,1462|4288|11065,VCAN|MKI67|UBE2C,-0.49,MyList
DisGeNET,35,C0279671,Cervical Squamous Cell Carcinoma,,-2.7,5.6,4.4,30284,371,73,5,6.8,3,1154|3148|4288|7298|29128,CISH|HMGB2|MKI67|TYMS|UHRF1,-0.49,MyList
COVID,200,COVID254,RNA_Wilk_CD14+Monocytes_patient-C5_Up,,-2.7,12,5.5,30284,104,73,3,4.1,2.3,1462|4001|4288,VCAN|LMNB1|MKI67,-0.49,MyList
COVID,200,COVID337,RNA_Wilk_B-cells_patient-C1B-severe_Up,,-2.7,12,5.5,30284,104,73,3,4.1,2.3,1462|4288|6241,VCAN|MKI67|RRM2,-0.49,MyList
DisGeNET,35,C0019189,"Hepatitis, Chronic",,-2.7,7.4,4.7,30284,224,73,4,5.5,2.7,1356|4288|5347|7018,CP|MKI67|PLK1|TF,-0.47,MyList
DisGeNET,35,C0278987,Metastatic non-small cell lung cancer,,-2.7,12,5.4,30284,106,73,3,4.1,2.3,5347|7298|22943,PLK1|TYMS|DKK1,-0.47,MyList
COVID,200,COVID371,Interactome_Laurent_HEK293_24h_NSP15,,-2.7,12,5.4,30284,106,73,3,4.1,2.3,7298|9787|55165,TYMS|DLGAP5|CEP55,-0.47,MyList
DisGeNET,35,C0266470,Cerebellar Hypoplasia,,-2.7,7.3,4.7,30284,226,73,4,5.5,2.7,1063|9928|55165|259266,CENPF|KIF14|CEP55|ASPM,-0.47,MyList
DisGeNET,35,C0023787,Lipodystrophy,,-2.7,7.3,4.7,30284,226,73,4,5.5,2.7,857|7298|9153|51053,CAV1|TYMS|SLC28A2|GMNN,-0.47,MyList
COVID,200,COVID373,Interactome_Laurent_HEK293_24h_NSP2,,-2.6,7.3,4.7,30284,228,73,4,5.5,2.7,857|9787|10460|55165,CAV1|DLGAP5|TACC3|CEP55,-0.46,MyList
DisGeNET,35,C0278484,Malignant neoplasm of colon stage IV,,-2.6,12,5.4,30284,108,73,3,4.1,2.3,7042|7298|22974,TGFB2|TYMS|TPX2,-0.46,MyList
Transcription Factor Targets,16,M3572,LEF1 Q2,,-2.6,7.2,4.6,30284,231,73,4,5.5,2.7,22943|57530|115019|128239,DKK1|CGN|SLC26A9|IQGAP3,-0.44,MyList
Cell Type Signatures,7,M39310,CUI DEVELOPING HEART TRABECULAR VENTRICULAR CARDIOMYOCYTE,,-2.6,11,5.3,30284,110,73,3,4.1,2.3,1462|3838|51053,VCAN|KPNA2|GMNN,-0.44,MyList
Transcription Factor Targets,16,M5768,E2F1DP1RB 01,,-2.6,7.1,4.6,30284,233,73,4,5.5,2.7,6241|29028|51053|165679,RRM2|ATAD2|GMNN|SPTSSB,-0.43,MyList
DisGeNET,35,C0018965,Hematuria,,-2.6,7.1,4.6,30284,235,73,4,5.5,2.7,1154|11065|128239|283120,CISH|UBE2C|IQGAP3|H19,-0.43,MyList
DisGeNET,35,C0032584,polyps,,-2.6,5.3,4.2,30284,390,73,5,6.8,3,4254|4288|8835|259266|340547,KITLG|MKI67|SOCS2|ASPM|VSIG1,-0.43,MyList
Transcription Factor Targets,16,M1013,FXR IR1 Q6,,-2.6,11,5.3,30284,112,73,3,4.1,2.3,3148|4254|285513,HMGB2|KITLG|GPRIN3,-0.43,MyList
Transcription Factor Targets,16,M10166,MYAATNNNNNNNGGC UNKNOWN,,-2.6,11,5.3,30284,112,73,3,4.1,2.3,991|1063|115019,CDC20|CENPF|SLC26A9,-0.43,MyList
TRRUST,34,TRR00780,Regulated by: MYC,,-2.6,11,5.3,30284,112,73,3,4.1,2.3,890|11065|22943,CCNA2|UBE2C|DKK1,-0.43,MyList
Transcription Factor Targets,16,M19064,E2F Q6,,-2.6,7,4.6,30284,236,73,4,5.5,2.7,1462|6241|29028|51053,VCAN|RRM2|ATAD2|GMNN,-0.43,MyList
Transcription Factor Targets,16,M9279,E2F1 Q6,,-2.6,7,4.6,30284,236,73,4,5.5,2.7,1462|6241|29028|51053,VCAN|RRM2|ATAD2|GMNN,-0.43,MyList
DisGeNET,35,C1449563,"Cardiomyopathy, Familial Idiopathic",,-2.6,3.8,3.8,30284,772,73,7,9.6,3.4,4001|4254|4288|4751|6241|7042|51435,LMNB1|KITLG|MKI67|NEK2|RRM2|TGFB2|SCARA3,-0.43,MyList
DisGeNET,35,C0278488,Carcinoma breast stage IV,,-2.6,4.3,4,30284,573,73,6,8.2,3.2,857|3930|5347|6241|7298|9232,CAV1|LBR|PLK1|RRM2|TYMS|PTTG1,-0.43,MyList
DisGeNET,35,C0015625,Fanconi Anemia,,-2.6,5.3,4.2,30284,393,73,5,6.8,3,857|4254|8836|22943|29128,CAV1|KITLG|GGH|DKK1|UHRF1,-0.43,MyList
Transcription Factor Targets,16,M10115,E2F Q4,,-2.6,7,4.5,30284,238,73,4,5.5,2.7,1462|6241|29028|51053,VCAN|RRM2|ATAD2|GMNN,-0.43,MyList
Transcription Factor Targets,16,M12555,E2F1DP2 01,,-2.6,7,4.5,30284,238,73,4,5.5,2.7,1462|6241|29028|51053,VCAN|RRM2|ATAD2|GMNN,-0.43,MyList
Transcription Factor Targets,16,M12402,E2F1DP1 01,,-2.6,7,4.5,30284,238,73,4,5.5,2.7,1462|6241|29028|51053,VCAN|RRM2|ATAD2|GMNN,-0.43,MyList
Transcription Factor Targets,16,M19298,E2F4DP2 01,,-2.6,7,4.5,30284,238,73,4,5.5,2.7,1462|6241|29028|51053,VCAN|RRM2|ATAD2|GMNN,-0.43,MyList
Transcription Factor Targets,16,M17867,E2F 02,,-2.6,7,4.5,30284,238,73,4,5.5,2.7,1462|6241|29028|51053,VCAN|RRM2|ATAD2|GMNN,-0.43,MyList
DisGeNET,35,C0235833,Congenital diaphragmatic hernia,,-2.6,6.9,4.5,30284,239,73,4,5.5,2.7,857|4288|7018|7042,CAV1|MKI67|TF|TGFB2,-0.42,MyList
DisGeNET,35,C0206655,Alveolar rhabdomyosarcoma,,-2.6,11,5.2,30284,115,73,3,4.1,2.3,857|3485|5347,CAV1|IGFBP2|PLK1,-0.42,MyList
DisGeNET,35,C0036095,Salivary Gland Neoplasms,,-2.6,11,5.2,30284,116,73,3,4.1,2.3,1462|3485|259266,VCAN|IGFBP2|ASPM,-0.41,MyList
Transcription Factor Targets,16,M15729,E2F Q6 01,,-2.6,6.9,4.5,30284,242,73,4,5.5,2.7,6241|29028|51053|81611,RRM2|ATAD2|GMNN|ANP32E,-0.41,MyList
Transcription Factor Targets,16,M10526,E2F4DP1 01,,-2.6,6.9,4.5,30284,242,73,4,5.5,2.7,1462|6241|29028|51053,VCAN|RRM2|ATAD2|GMNN,-0.41,MyList
Transcription Factor Targets,16,M40720,HMGB2 TARGET GENES,,-2.5,5.2,4.1,30284,400,73,5,6.8,3,1356|8507|10051|81611|340547,CP|ENC1|SMC4|ANP32E|VSIG1,-0.41,MyList
Transcription Factor Targets,16,M30277,ZNF213 TARGET GENES,,-2.5,4.2,3.9,30284,595,73,6,8.2,3.2,1462|4254|8835|54492|157313|283431,VCAN|KITLG|SOCS2|NEURL1B|CDCA2|GAS2L3,-0.37,MyList
COVID,200,COVID343,RNA_Wilk_B-cells_patient-C4_Up,,-2.5,10,5,30284,121,73,3,4.1,2.3,1462|4288|6241,VCAN|MKI67|RRM2,-0.36,MyList
DisGeNET,35,C4279912,Chemically-Induced Liver Toxicity,,-2.5,5,4.1,30284,412,73,5,6.8,3,1356|4254|7018|8836|283120,CP|KITLG|TF|GGH|H19,-0.36,MyList
DisGeNET,35,C0019193,"Hepatitis, Toxic",,-2.5,5,4.1,30284,412,73,5,6.8,3,1356|4254|7018|8836|283120,CP|KITLG|TF|GGH|H19,-0.36,MyList
DisGeNET,35,C3658290,Drug-Induced Acute Liver Injury,,-2.5,5,4,30284,413,73,5,6.8,3,1356|4254|7018|8836|283120,CP|KITLG|TF|GGH|H19,-0.36,MyList
DisGeNET,35,C0023267,Fibroid Tumor,,-2.5,5,4,30284,413,73,5,6.8,3,857|1462|3485|4288|9232,CAV1|VCAN|IGFBP2|MKI67|PTTG1,-0.36,MyList
DisGeNET,35,C1134719,Invasive Ductal Breast Carcinoma,,-2.5,5,4,30284,414,73,5,6.8,3,857|4288|4751|9232|27122,CAV1|MKI67|NEK2|PTTG1|DKK3,-0.36,MyList
DisGeNET,35,C0392514,Hereditary hemochromatosis,,-2.5,6.5,4.4,30284,254,73,4,5.5,2.7,1356|5347|7018|7042,CP|PLK1|TF|TGFB2,-0.35,MyList
DisGeNET,35,C0019207,"Hepatoma, Morris",,-2.5,10,5,30284,124,73,3,4.1,2.3,1356|7042|283120,CP|TGFB2|H19,-0.35,MyList
DisGeNET,35,C0018671,Head and Neck Neoplasms,,-2.5,10,5,30284,124,73,3,4.1,2.3,4288|6241|7298,MKI67|RRM2|TYMS,-0.35,MyList
Transcription Factor Targets,16,M6144,STAT5B 01,,-2.5,6.5,4.3,30284,255,73,4,5.5,2.7,1154|8835|10051|115019,CISH|SOCS2|SMC4|SLC26A9,-0.35,MyList
DisGeNET,35,C1262760,"Hepatitis, Drug-Induced",,-2.5,5,4,30284,418,73,5,6.8,3,1356|4254|7018|8836|283120,CP|KITLG|TF|GGH|H19,-0.35,MyList
DisGeNET,35,C0018916,Hemangioma,,-2.5,6.5,4.3,30284,256,73,4,5.5,2.7,4288|22943|27122|79801,MKI67|DKK1|DKK3|SHCBP1,-0.35,MyList
DisGeNET,35,C0032580,Adenomatous Polyposis Coli,,-2.5,4.1,3.8,30284,609,73,6,8.2,3.2,332|857|4288|5347|22943|27122,BIRC5|CAV1|MKI67|PLK1|DKK1|DKK3,-0.34,MyList
Transcription Factor Targets,16,M5,STAT 01,,-2.5,6.4,4.3,30284,258,73,4,5.5,2.7,1154|8835|10051|115019,CISH|SOCS2|SMC4|SLC26A9,-0.34,MyList
Transcription Factor Targets,16,M17883,STAT5A 01,,-2.4,6.4,4.3,30284,259,73,4,5.5,2.7,1154|8835|10051|115019,CISH|SOCS2|SMC4|SLC26A9,-0.33,MyList
DisGeNET,35,C0239998,Recurrent infections,,-2.4,9.8,4.9,30284,127,73,3,4.1,2.3,857|7018|9837,CAV1|TF|GINS1,-0.33,MyList
DisGeNET,35,C0040021,Thromboangiitis Obliterans,,-2.4,9.8,4.9,30284,127,73,3,4.1,2.3,4288|7042|11065,MKI67|TGFB2|UBE2C,-0.33,MyList
Transcription Factor Targets,16,M4225,NFY 01,,-2.4,6.4,4.3,30284,261,73,4,5.5,2.7,4751|5347|10460|115019,NEK2|PLK1|TACC3|SLC26A9,-0.33,MyList
COVID,200,COVID155,Proteome_Stukalov_A549_72h_NSP1_Up,,-2.4,9.7,4.9,30284,128,73,3,4.1,2.3,991|11004|83461,CDC20|KIF2C|CDCA3,-0.33,MyList
Transcription Factor Targets,16,M9868,NFY Q6,,-2.4,6.3,4.3,30284,263,73,4,5.5,2.7,1063|3148|4751|115019,CENPF|HMGB2|NEK2|SLC26A9,-0.32,MyList
Transcription Factor Targets,16,M16280,PITX2 Q2,,-2.4,6.3,4.2,30284,264,73,4,5.5,2.7,4254|115019|165679|340547,KITLG|SLC26A9|SPTSSB|VSIG1,-0.32,MyList
DisGeNET,35,C2826323,Refractory Cytopenia of Childhood,,-2.4,6.3,4.2,30284,264,73,4,5.5,2.7,22943|27122|29128|55165,DKK1|DKK3|UHRF1|CEP55,-0.32,MyList
DisGeNET,35,C1270972,Mild cognitive disorder,,-2.4,4.8,3.9,30284,430,73,5,6.8,3,1356|3485|7042|22943|79801,CP|IGFBP2|TGFB2|DKK1|SHCBP1,-0.32,MyList
Transcription Factor Targets,16,M19588,CEBPB 02,,-2.4,6.2,4.2,30284,266,73,4,5.5,2.7,1356|1462|8835|29028,CP|VCAN|SOCS2|ATAD2,-0.31,MyList
DisGeNET,35,C0018800,Cardiomegaly,,-2.4,6.2,4.2,30284,267,73,4,5.5,2.7,857|3930|7042|283120,CAV1|LBR|TGFB2|H19,-0.3,MyList
DisGeNET,35,C0027533,Neck Neoplasms,,-2.4,9.4,4.8,30284,132,73,3,4.1,2.3,991|5347|7298,CDC20|PLK1|TYMS,-0.3,MyList
DisGeNET,35,C0022578,Keratoconus,,-2.4,6.2,4.2,30284,269,73,4,5.5,2.7,4751|7018|7042|7298,NEK2|TF|TGFB2|TYMS,-0.3,MyList
Transcription Factor Targets,16,M15966,TTTNNANAGCYR UNKNOWN,,-2.4,9.4,4.7,30284,133,73,3,4.1,2.3,3009|8340|8969,H1-5|H2BC13|H2AC11,-0.3,MyList
Transcription Factor Targets,16,M40797,ZNF677 TARGET GENES,,-2.4,9.4,4.7,30284,133,73,3,4.1,2.3,5347|55165|79801,PLK1|CEP55|SHCBP1,-0.3,MyList
DisGeNET,35,C0751396,Well Differentiated Oligodendroglioma,,-2.4,6.1,4.2,30284,270,73,4,5.5,2.7,332|857|3485|4288,BIRC5|CAV1|IGFBP2|MKI67,-0.3,MyList
DisGeNET,35,C0023530,Leukopenia,,-2.4,4.7,3.9,30284,439,73,5,6.8,3,5347|7298|8836|9837|27122,PLK1|TYMS|GGH|GINS1|DKK3,-0.29,MyList
Transcription Factor Targets,16,M4088,TCF1P Q6,,-2.4,6.1,4.2,30284,271,73,4,5.5,2.7,1063|4254|5347|51053,CENPF|KITLG|PLK1|GMNN,-0.29,MyList
DisGeNET,35,C1176475,Ductal Carcinoma,,-2.4,6.1,4.1,30284,273,73,4,5.5,2.7,857|1154|4751|51435,CAV1|CISH|NEK2|SCARA3,-0.28,MyList
DisGeNET,35,C0231341,Premature aging syndrome,,-2.4,9.2,4.7,30284,136,73,3,4.1,2.3,857|3930|259266,CAV1|LBR|ASPM,-0.28,MyList
DisGeNET,35,C0022602,Actinic keratosis,,-2.4,9.2,4.7,30284,136,73,3,4.1,2.3,3930|4288|9232,LBR|MKI67|PTTG1,-0.28,MyList
DisGeNET,35,C0017168,Gastroesophageal reflux disease,,-2.3,4.7,3.8,30284,446,73,5,6.8,3,857|3485|3930|7298|22943,CAV1|IGFBP2|LBR|TYMS|DKK1,-0.27,MyList
DisGeNET,35,C0001206,Acromegaly,,-2.3,9,4.6,30284,138,73,3,4.1,2.3,1154|4288|8835,CISH|MKI67|SOCS2,-0.27,MyList
DisGeNET,35,C0269102,Endometrioma,,-2.3,5.9,4.1,30284,279,73,4,5.5,2.7,1462|7042|22943|25840,VCAN|TGFB2|DKK1|TMT1A,-0.26,MyList
DisGeNET,35,C1302401,Adenoma of large intestine,,-2.3,4.6,3.8,30284,452,73,5,6.8,3,4254|7298|9232|22974|27122,KITLG|TYMS|PTTG1|TPX2|DKK3,-0.25,MyList
DisGeNET,35,C0278701,Gastric Adenocarcinoma,,-2.3,4.6,3.8,30284,453,73,5,6.8,3,332|3838|7298|11065|22943,BIRC5|KPNA2|TYMS|UBE2C|DKK1,-0.25,MyList
DisGeNET,35,C0017668,Focal glomerulosclerosis,,-2.3,5.9,4.1,30284,281,73,4,5.5,2.7,1356|1462|1894|54443,CP|VCAN|ECT2|ANLN,-0.25,MyList
DisGeNET,35,C0023487,Acute Promyelocytic Leukemia,,-2.3,3.8,3.6,30284,650,73,6,8.2,3.2,332|890|3930|4001|7298|22943,BIRC5|CCNA2|LBR|LMNB1|TYMS|DKK1,-0.25,MyList
DisGeNET,35,C0028945,oligodendroglioma,,-2.3,5.9,4.1,30284,282,73,4,5.5,2.7,332|857|3485|4288,BIRC5|CAV1|IGFBP2|MKI67,-0.25,MyList
DisGeNET,35,C0023492,"Leukemia, T-Cell",,-2.3,4.5,3.7,30284,457,73,5,6.8,3,332|857|991|3930|22974,BIRC5|CAV1|CDC20|LBR|TPX2,-0.24,MyList
Transcription Factor Targets,16,M30120,PHF21A TARGET GENES,,-2.3,5.8,4,30284,284,73,4,5.5,2.7,4001|6241|29128|89958,LMNB1|RRM2|UHRF1|SAPCD2,-0.24,MyList
DisGeNET,35,C0260037,Multiple tumors,,-2.3,8.7,4.5,30284,143,73,3,4.1,2.3,991|55165|283120,CDC20|CEP55|H19,-0.24,MyList
Transcription Factor Targets,16,M18386,STAT5A 02,,-2.3,8.7,4.5,30284,143,73,3,4.1,2.3,4254|8835|55165,KITLG|SOCS2|CEP55,-0.24,MyList
DisGeNET,35,C0424678,Lean body mass,,-2.3,8.6,4.5,30284,144,73,3,4.1,2.3,1462|8835|10460,VCAN|SOCS2|TACC3,-0.23,MyList
DisGeNET,35,C4277682,Chemical and Drug Induced Liver Injury,,-2.3,4.5,3.7,30284,461,73,5,6.8,3,1356|4254|7018|8836|283120,CP|KITLG|TF|GGH|H19,-0.23,MyList
DisGeNET,35,C1960398,HER2-positive carcinoma of breast,,-2.3,5.8,4,30284,288,73,4,5.5,2.7,4288|5347|7298|11004,MKI67|PLK1|TYMS|KIF2C,-0.23,MyList
DisGeNET,35,C0279606,Childhood Hepatocellular Carcinoma,,-2.3,8.5,4.5,30284,146,73,3,4.1,2.3,8507|9585|22974,ENC1|KIF20B|TPX2,-0.22,MyList
DisGeNET,35,C0032463,Polycythemia Vera,,-2.3,5.7,4,30284,291,73,4,5.5,2.7,4254|8835|22943|27122,KITLG|SOCS2|DKK1|DKK3,-0.22,MyList
DisGeNET,35,C0040100,Thymoma,,-2.3,5.7,4,30284,291,73,4,5.5,2.7,4254|7298|29128|51435,KITLG|TYMS|UHRF1|SCARA3,-0.22,MyList
DisGeNET,35,C1857679,Sloping forehead,,-2.2,8.4,4.4,30284,149,73,3,4.1,2.3,9928|55165|259266,KIF14|CEP55|ASPM,-0.2,MyList
DisGeNET,35,C0279607,Adult Hepatocellular Carcinoma,,-2.2,8.3,4.4,30284,150,73,3,4.1,2.3,8507|9585|22974,ENC1|KIF20B|TPX2,-0.19,MyList
DisGeNET,35,C3495917,Advanced breast cancer,,-2.2,8.2,4.4,30284,151,73,3,4.1,2.3,3838|4288|7298,KPNA2|MKI67|TYMS,-0.19,MyList
DisGeNET,35,C0024301,"Lymphoma, Follicular",,-2.2,4.3,3.6,30284,477,73,5,6.8,3,4001|4288|5347|7298|8835,LMNB1|MKI67|PLK1|TYMS|SOCS2,-0.18,MyList
DisGeNET,35,C0025322,Premature Menopause,,-2.2,5.5,3.9,30284,299,73,4,5.5,2.7,857|4254|7298|22943,CAV1|KITLG|TYMS|DKK1,-0.18,MyList
DisGeNET,35,C0023904,"Liver Neoplasms, Experimental",,-2.2,8.2,4.4,30284,152,73,3,4.1,2.3,332|1356|283120,BIRC5|CP|H19,-0.18,MyList
COVID,200,COVID130,Phosphoproteome_Stukalov_A549-ACE2_24h_Down,,-2.2,5.5,3.9,30284,300,73,4,5.5,2.7,1063|4001|4288|157313,CENPF|LMNB1|MKI67|CDCA2,-0.18,MyList
COVID,200,COVID034,RNA_Liao_BALF-severe-vs-mild_Up,,-2.2,5.5,3.9,30284,300,73,4,5.5,2.7,857|7042|22943|54443,CAV1|TGFB2|DKK1|ANLN,-0.18,MyList
DisGeNET,35,C0024530,Malaria,,-2.2,3.6,3.4,30284,683,73,6,8.2,3.2,1154|3930|4751|7042|7298|259266,CISH|LBR|NEK2|TGFB2|TYMS|ASPM,-0.18,MyList
COVID,200,COVID256,RNA_Wilk_CD14+Monocytes_patient-C6_Up,,-2.2,8.1,4.3,30284,154,73,3,4.1,2.3,1462|4001|4288,VCAN|LMNB1|MKI67,-0.17,MyList
DisGeNET,35,C0242383,Age related macular degeneration,,-2.2,3.6,3.4,30284,685,73,6,8.2,3.2,857|1356|7018|7042|22943|259266,CAV1|CP|TF|TGFB2|DKK1|ASPM,-0.17,MyList
DisGeNET,35,C0011303,Demyelinating Diseases,,-2.2,8,4.3,30284,155,73,3,4.1,2.3,1154|3485|4001,CISH|IGFBP2|LMNB1,-0.17,MyList
DisGeNET,35,C0153349,Malignant neoplasm of tongue,,-2.2,8,4.3,30284,155,73,3,4.1,2.3,857|7298|9585,CAV1|TYMS|KIF20B,-0.17,MyList
DisGeNET,35,C0206667,Adrenal Cortical Adenoma,,-2.2,8,4.3,30284,156,73,3,4.1,2.3,8507|9232|283120,ENC1|PTTG1|H19,-0.16,MyList
Transcription Factor Targets,16,M30131,PSMB5 TARGET GENES,,-2.2,5.4,3.8,30284,307,73,4,5.5,2.7,6241|8340|22943|54443,RRM2|H2BC13|DKK1|ANLN,-0.16,MyList
DisGeNET,35,C0206754,Neuroendocrine Tumors,,-2.2,4.2,3.5,30284,491,73,5,6.8,3,857|1462|4288|7298|8836,CAV1|VCAN|MKI67|TYMS|GGH,-0.15,MyList
DisGeNET,35,C0235782,Gallbladder Carcinoma,,-2.1,4.2,3.5,30284,498,73,5,6.8,3,3485|3838|7298|27122|29128,IGFBP2|KPNA2|TYMS|DKK3|UHRF1,-0.12,MyList
DisGeNET,35,C0021655,Insulin Resistance,,-2.1,7.7,4.2,30284,162,73,3,4.1,2.3,857|3485|7018,CAV1|IGFBP2|TF,-0.12,MyList
DisGeNET,35,C0011644,Scleroderma,,-2.1,5.3,3.7,30284,316,73,4,5.5,2.7,857|3930|4254|22943,CAV1|LBR|KITLG|DKK1,-0.12,MyList
DisGeNET,35,C0280099,Adult Solid Neoplasm,,-2.1,7.6,4.2,30284,163,73,3,4.1,2.3,3838|7298|27122,KPNA2|TYMS|DKK3,-0.12,MyList
DisGeNET,35,C1275122,Familial multiple trichoepitheliomata,,-2.1,5.2,3.7,30284,317,73,4,5.5,2.7,3485|4254|22943|29128,IGFBP2|KITLG|DKK1|UHRF1,-0.12,MyList
DisGeNET,35,C0872084,Sarcopenia,,-2.1,7.6,4.2,30284,164,73,3,4.1,2.3,857|22943|27122,CAV1|DKK1|DKK3,-0.11,MyList
DisGeNET,35,C0278883,Metastatic melanoma,,-2.1,4.1,3.5,30284,504,73,5,6.8,3,3672|3930|4254|4288|22943,ITGA1|LBR|KITLG|MKI67|DKK1,-0.11,MyList
DisGeNET,35,C0206659,Embryonal Carcinoma,,-2.1,7.5,4.1,30284,165,73,3,4.1,2.3,1154|4288|7042,CISH|MKI67|TGFB2,-0.11,MyList
DisGeNET,35,C0011265,Presenile dementia,,-2.1,3.5,3.3,30284,716,73,6,8.2,3.2,857|1356|3485|7018|7042|7298,CAV1|CP|IGFBP2|TF|TGFB2|TYMS,-0.1,MyList
DisGeNET,35,C2938924,Oestrogen receptor positive breast cancer,,-2.1,4.1,3.4,30284,510,73,5,6.8,3,991|1894|4288|9232|22943,CDC20|ECT2|MKI67|PTTG1|DKK1,-0.094,MyList
DisGeNET,35,C0279068,Childhood Solid Neoplasm,,-2.1,7.4,4.1,30284,169,73,3,4.1,2.3,3838|7298|27122,KPNA2|TYMS|DKK3,-0.085,MyList
DisGeNET,35,C1519689,Tumor Promotion,,-2.1,7.3,4.1,30284,170,73,3,4.1,2.3,4288|22943|83461,MKI67|DKK1|CDCA3,-0.081,MyList
DisGeNET,35,C4087504,Peritoneal dissemination,,-2.1,7.3,4.1,30284,170,73,3,4.1,2.3,4751|11004|27122,NEK2|KIF2C|DKK3,-0.081,MyList
DisGeNET,35,C0281361,Adenocarcinoma of pancreas,,-2.1,4,3.4,30284,518,73,5,6.8,3,857|3485|6241|22943|22974,CAV1|IGFBP2|RRM2|DKK1|TPX2,-0.071,MyList
DisGeNET,35,C1334274,Invasive Carcinoma,,-2.1,7.2,4,30284,173,73,3,4.1,2.3,1154|3838|4288,CISH|KPNA2|MKI67,-0.063,MyList
DisGeNET,35,C0598935,Tumor Initiation,,-2,3.9,3.3,30284,533,73,5,6.8,3,857|1154|1462|5347|22943,CAV1|CISH|VCAN|PLK1|DKK1,-0.025,MyList
Transcription Factor Targets,16,M6378,TTCYNRGAA STAT5B 01,,-2,4.9,3.5,30284,341,73,4,5.5,2.7,1154|8835|10051|115019,CISH|SOCS2|SMC4|SLC26A9,-0.025,MyList
DisGeNET,35,C2717836,Steroid Sulfatase Deficiency Disease,,-2,6.9,3.9,30284,181,73,3,4.1,2.3,4288|7298|10460,MKI67|TYMS|TACC3,-0.016,MyList
DisGeNET,35,C0860207,Drug-Induced Liver Disease,,-2,3.9,3.3,30284,537,73,5,6.8,3,1356|4254|7018|8836|283120,CP|KITLG|TF|GGH|H19,-0.016,MyList
DisGeNET,35,C0031511,Pheochromocytoma,,-2,4.8,3.5,30284,344,73,4,5.5,2.7,332|3485|4288|283120,BIRC5|IGFBP2|MKI67|H19,-0.016,MyList
DisGeNET,35,C0029925,Ovarian Carcinoma,,-2,3.8,3.3,30284,539,73,5,6.8,3,857|4288|7298|22943|26147,CAV1|MKI67|TYMS|DKK1|PHF19,-0.011,MyList
DisGeNET,35,C0023493,Adult T-Cell Lymphoma/Leukemia,,-2,3.8,3.3,30284,540,73,5,6.8,3,332|857|1154|3930|22974,BIRC5|CAV1|CISH|LBR|TPX2,-0.009,MyList
DisGeNET,35,C1336076,Sporadic Breast Carcinoma,,-2,6.8,3.9,30284,183,73,3,4.1,2.3,857|7298|29128,CAV1|TYMS|UHRF1,-0.0087,MyList
DisGeNET,35,C0033036,Atrial Premature Complexes,,-2,6.8,3.9,30284,183,73,3,4.1,2.3,857|5347|7042,CAV1|PLK1|TGFB2,-0.0087,MyList
